Artists,Album,Track,Genre
"TV Noise, The Inner Kids",Feeling of Falling,Feeling of falling,Dance
Cler Letiv,Hurt,Hurt,Indie Danc
Aspyer,Phantom,Phantom,Electro House
Drove,Drift away,Better Days,Dance
Drove,Drift away,Into the light,Dance
"Drove,Discrete,Tudor",Drift away,Some kind of love,Dance
Drove,Drift away,Carry on,Dance
Drove,Drift away,Think about us,Dance
Aspyer,Pegasus,Pegasus,Future House
"Kvsh, Pontifexx",In Your Dreams,In Your Dreams,Bass House
"Brooks,Isabel Usher",Someday,Someday,Electro House
"Janee, Ruby",Hopeless,Hopeless,Dance
Magnificence,Hallucinate,Hallucinate,Dance
Loopers,Need you,Need you,Dance
"Liu,Sevek",Close to me,Close to me,Bass house
Florian Picasso,The tide ,The tide,Future Rave
"Seth Hills, Crime Zcene",Stardust,Stardust,Bass House
TV Noise,Raar,Raar,Electro House
Zerb,Shake For Me,Shake For Me,Bass House
Julian Jordan,Hyper House,Rudeboy,Electro House
"Julian Jordan, Siks",Hyper House,Juice,Electro House
Julian Jordan,Hyper House,Out Of My Mind,Electro House
Julian Jordan,Hyper House,Sound Of The Bass,Electro House
Julian Jordan,Hyper House,Thunder,Electro House
"Julian Jordan, Tinie Tempha, Martin Garrix",Hyper House,Diamonds,Electro House
"Brooks, Mo Falk",Take My Breath Away,Take My Breath Away,Electro House
"Vluarr, Edu Monteiro",On Our Own,On Our Own,Bass House
"Janee, INAU",On My Mind,On My Mind,Dance
Nuzb,Get Down,Get Down,House
"Martin Garrix, Zedd",Sentio,Follow,Big Room
"Martin Garrix, Mesto",Sentio,Limitless,Bass House
"Martin Garrix, Vluarr",Sentio,Reboot,Dance
"Martin Garrix, Brooks",Sentio,Quantum,Future House
"Martin Garrix, Matisse&Sadko",Sentio,Good Morning,Dance
"Martin Garrix, Dubvision,Shaun Farrugi",Sentio,Starlight,Dance
"Martin Garrix, Julian Jordan",Sentio,Funk,Bass House
"Martin Garrix, Justin Mylo,Dewain Whitmore",Sentio,Find You,Dance
"Martin Garrix, Blinders",Sentio,Aurora,Big Room
"Martin Garrix, Jordan Grace,Dubvision",Sentio,Oxygen,Dance
"Martin Garrix, Shaun Farrugia",Sentio,If We'll Ever Be Remembered,Dance
"Joe Jury, Beau Collins",Follow,Follow,Dance
Cler Letiv,Made for Each Other,Made for Each Other,Deep House
Aiobahn,Set You Free,Set You Free,UK Garage
"Julian Calor,Troves",Find My Way,Find My Way,Future House
"Julian Jordan, Alan Shirahama",Facts,Facts,Bass House
"Justin Mylo, Jay Mason",Used To Be Better,Used To Be Better,Future House
"Nuzb, Jeonghyeon",Big,Big,Bass House
Matt Nash,Into The Light,Into The Light,Dance
"Aspyer,Ni/Co",Nobody,Nobody,Dance
"Future Class, Gorillowz",My Mind,My Mind,Dance
Malarkey,Cherub,Cherub,House
Leonardo Das Cabrlo,Look At You,Look At You,House
Leonardo Das Cabrlo,Look At You,Money,House
Nuzb,Shake It ,Shake it,Future House
TV Noise,Hold up,Hold up,Electro House
"KVSH, Schillist, Ray, Ben",Be someone,Be someone,Dance
"Dubvision, The Him",Sometimes,Sometimes,Dance
Zonderling,Ondertitel,Zonder,Dance
Zonderling,Ondertitel,Kronkel,Melodic
Zonderling,Ondertitel,Kringloop,Dance
Zonderling,Ondertitel,Riedel,Dance
Zonderling,Ondertitel,Verwarring,House
Zonderling,Ondertitel,Breng,Dance
Zonderling,Ondertitel,Trechter,Dance
Zonderling,Ondertitel,Droom,Dance
Blinders,Rav Appeal,Pressure,House
Blinders,Rav Appeal,Android Dance,House
Blinders,Rav Appeal,Body Burner,Electro House
Blinders,Rav Appeal,Lost Control,Electro House
Blinders,Rav Appeal,Rav Appeal,Hard House
Blinders,Rav Appeal,Blind Love,Dance
"Crime Zcene, Vluarr",Go down,Go down,Bass House
"Future Class, Arneew",Give Me,Give Me,Bass House
TV Noise,Astral,Astral,Electro House
"Citadelle,Drove",Through it All,Through it All,Dance
"Seth Hills, Crime Zcene, Alba",illumination,illumination,Dance
